{"text": " Hello? Hello? Hello? oka?", "segments": [{"id": 0, "seek": 0, "start": 0.0, "end": 2.0, "text": " Hello?", "tokens": [50364, 2425, 30, 50464], "temperature": 0.0, "avg_logprob": -0.12844156053331163, "compression_ratio": 17.03846153846154, "no_speech_prob": 0.7818331122398376}, {"id": 1, "seek": 0, "start": 2.0, "end": 4.0, "text": " Hello?", "tokens": [50464, 2425, 30, 50564], "temperature": 0.0, "avg_logprob": -0.12844156053331163, "compression_ratio": 17.03846153846154, "no_speech_prob": 0.7818331122398376}, {"id": 2, "seek": 400, "start": 4.0, "end": 24.0, "text": " Hello?", "tokens": [50364, 2425, 30, 51364], "temperature": 1.0, "avg_logprob": -1.485346794128418, "compression_ratio": 0.42857142857142855, "no_speech_prob": 0.2967924475669861}, {"id": 3, "seek": 2400, "start": 24.0, "end": 32.08, "text": " oka?", "tokens": [50364, 277, 2330, 30, 50768], "temperature": 0.6000000000000001, "avg_logprob": NaN, "compression_ratio": 0.3333333333333333, "no_speech_prob": 0.49889037013053894}], "language": "Swahili"}